NT001,2
NT002,2
NT003,2
NT004,2
NT005,2
NT006,2
NT007,2
NT008,2
NT009,2
NT010,2
NT011,2
NT012,2
NT013,2
NT014,2
NT015,2
NT016,2
NT017,2
NT018,2
NT019,2
NT020,2
NT021,2
NT022,2
NT023,2
NT024,2
NT025,2
NT026,2
NT027,2
NT028,2
NT029,2
NT030,2
NT031,2
NT032,2
NT033,2
NT034,2
NT035,2
NT036,2
NT037,2
NT038,2
NT039,2
NT040,2
NT041,2
NT042,2
NT043,2
NT044,2
NT045,2
NT046,2
NT047,2
NT048,2
NT049,2
NT050,2
NT051,2
NT052,2
NT053,2
NT054,2
NT055,2
NT056,2
NT057,2
NT058,2
NT059,2
NT060,2
NT061,2
NT062,2
NT063,2
NT064,2
NT065,2
NT066,2
NT067,2
NT068,2
NT069,2
NT070,2
NT071,2
NT072,2
NT073,2
NT074,2
NT075,2
NT076,2
NT077,2
NT078,2
NT079,2
NT080,2
NT081,2
NT082,2
NT083,2
NT084,2
NT085,2
NT086,2
NT087,2
NT088,2
NT089,2
NT090,2
NT091,2
NT092,2
NT093,2
NT094,2
NT095,2
NT096,2
NT097,2
NT098,2
NT099,2
NT100,2
